id,name,email,tier,country,hotel_guest,dietary
1,Hans Smith,hans.smith1@example.com,VIP,United States,1,none
2,Sophia Petrov,sophia.petrov2@example.com,Standard,Bahamas,1,none
3,James Ferguson,james.ferguson3@example.com,Gold,United Kingdom,0,none
4,Carlos Nakamura,carlos.nakamura4@example.com,Standard,Canada,1,none
5,Natasha Wright,natasha.wright5@example.com,VIP,United States,0,none
6,Robert Müller,robert.müller6@example.com,Standard,United States,1,none
7,Amelia Wright,amelia.wright7@example.com,Standard,United States,0,pescatarian
8,Elena Smith,elena.smith8@example.com,Standard,Canada,1,none
9,Hans O'Brien,hans.obrien9@example.com,Standard,Canada,0,pescatarian
10,Olivia Petrov,olivia.petrov10@example.com,Standard,United States,0,vegetarian
11,Aaliyah Smith,aaliyah.smith11@example.com,Standard,United Kingdom,0,none
12,Amelia Clarke,amelia.clarke12@example.com,Gold,United States,0,none
13,Michael O'Brien,michael.obrien13@example.com,Standard,United Kingdom,0,none
14,Thomas Rossi,thomas.rossi14@example.com,Standard,Germany,0,none
15,Richard Moore,richard.moore15@example.com,Standard,United States,1,none
16,Richard Bethel,richard.bethel16@example.com,Standard,United States,0,none
17,Carlos Anderson,carlos.anderson17@example.com,Gold,United Kingdom,1,gluten-free
18,Daniel Johnson,daniel.johnson18@example.com,Standard,United States,0,none
19,Lucia Davies,lucia.davies19@example.com,Standard,Bahamas,1,none
20,Robert Sands,robert.sands20@example.com,Standard,Italy,1,none
21,Hans Williams,hans.williams21@example.com,Standard,Canada,0,none
22,Ingrid Moss,ingrid.moss22@example.com,Standard,Bahamas,0,none
23,Lucia Smith,lucia.smith23@example.com,Standard,United Kingdom,0,pescatarian
24,Richard Smith,richard.smith24@example.com,Standard,United States,0,shellfish-allergy
25,Trevor van der Berg,trevor.vanderberg25@example.com,Standard,United Kingdom,0,none
26,Sophia Wright,sophia.wright26@example.com,Standard,Germany,0,none
27,Amelia Martin,amelia.martin27@example.com,Gold,Brazil,0,gluten-free
28,Ingrid Anderson,ingrid.anderson28@example.com,Standard,United States,0,vegetarian
29,Kwame Taylor,kwame.taylor29@example.com,Standard,United States,1,none
30,Michael Ferguson,michael.ferguson30@example.com,Standard,United States,0,none
31,Robert Johnson,robert.johnson31@example.com,Standard,Bahamas,1,none
32,Ingrid Knowles,ingrid.knowles32@example.com,Standard,Bahamas,0,none
33,Carlos García,carlos.garcía33@example.com,Standard,France,0,none
34,Marcus Moss,marcus.moss34@example.com,Gold,United States,1,none
35,Elena Dubois,elena.dubois35@example.com,Standard,United States,1,none
36,Isabella Ferguson,isabella.ferguson36@example.com,Standard,United States,1,none
37,Marie Pinder,marie.pinder37@example.com,Gold,United States,0,gluten-free
38,Pierre Pinder,pierre.pinder38@example.com,Standard,United Kingdom,0,none
39,Sophia Petrov,sophia.petrov39@example.com,Standard,Canada,0,vegetarian
40,Olivia Petrov,olivia.petrov40@example.com,Standard,Germany,1,none
41,Richard Taylor,richard.taylor41@example.com,Standard,United States,1,none
42,Robert Knowles,robert.knowles42@example.com,Gold,United Kingdom,1,gluten-free
43,Daniel Taylor,daniel.taylor43@example.com,Standard,Bahamas,1,none
44,Elena Moore,elena.moore44@example.com,VIP,United States,0,vegetarian
45,Emma Knowles,emma.knowles45@example.com,Standard,United States,0,gluten-free
46,Emma Bethel,emma.bethel46@example.com,VIP,Canada,1,pescatarian
47,Daniel García,daniel.garcía47@example.com,Standard,Switzerland,0,none
48,Carlos Pinder,carlos.pinder48@example.com,Gold,United States,1,none
49,Lucia Butler,lucia.butler49@example.com,Gold,United States,1,none
50,Marcus Wright,marcus.wright50@example.com,Standard,United States,0,none
51,Emma Ferguson,emma.ferguson51@example.com,Standard,France,0,none
52,Trevor Davies,trevor.davies52@example.com,Standard,Bahamas,1,none
53,Marie Davies,marie.davies53@example.com,Standard,United States,0,none
54,Carlos Anderson,carlos.anderson54@example.com,Standard,Canada,1,none
55,Daniel Anderson,daniel.anderson55@example.com,Standard,United States,1,none
56,Pierre Smith,pierre.smith56@example.com,Gold,United States,0,none
57,Amelia Ferguson,amelia.ferguson57@example.com,Standard,Canada,1,none
58,Elena Larsson,elena.larsson58@example.com,Standard,Germany,0,none
59,Elena García,elena.garcía59@example.com,Standard,United States,0,none
60,Sophia Smith,sophia.smith60@example.com,Standard,United States,1,none
61,Carlos Anderson,carlos.anderson61@example.com,Gold,Germany,0,none
62,William Wright,william.wright62@example.com,VIP,Germany,0,none
63,James Anderson,james.anderson63@example.com,Standard,Germany,0,none
64,Daniel Butler,daniel.butler64@example.com,Standard,Bahamas,1,none
65,Trevor Larsson,trevor.larsson65@example.com,Standard,Bahamas,1,none
66,Elena Johnson,elena.johnson66@example.com,Standard,United States,1,gluten-free
67,Natasha Wright,natasha.wright67@example.com,VIP,Canada,1,none
68,Sophia Clarke,sophia.clarke68@example.com,Standard,Canada,0,pescatarian
69,Simone Dubois,simone.dubois69@example.com,Standard,United States,0,none
70,Lucia Anderson,lucia.anderson70@example.com,Standard,Canada,0,vegetarian
71,Natasha Dubois,natasha.dubois71@example.com,Standard,France,1,vegetarian
72,Aaliyah Pinder,aaliyah.pinder72@example.com,Standard,United Kingdom,1,vegetarian
73,Aaliyah Dubois,aaliyah.dubois73@example.com,Standard,Germany,1,none
74,Aaliyah Ferguson,aaliyah.ferguson74@example.com,Standard,United States,1,none
75,Marie Moore,marie.moore75@example.com,Standard,United States,1,shellfish-allergy
76,Emma Davies,emma.davies76@example.com,Standard,United States,1,none
77,Amelia van der Berg,amelia.vanderberg77@example.com,Standard,Canada,0,none
78,Thomas Davies,thomas.davies78@example.com,Gold,United States,0,none
79,Simone Taylor,simone.taylor79@example.com,Standard,Switzerland,0,pescatarian
80,David Clarke,david.clarke80@example.com,Standard,France,0,none
81,Marie Wright,marie.wright81@example.com,Gold,United States,0,none
82,Richard Bethel,richard.bethel82@example.com,Standard,Bahamas,1,none
83,Thomas Petrov,thomas.petrov83@example.com,Standard,United States,0,none
84,Elena Moore,elena.moore84@example.com,VIP,United States,1,pescatarian
85,Ingrid Nakamura,ingrid.nakamura85@example.com,Standard,Canada,0,none
86,Chloe Taylor,chloe.taylor86@example.com,Standard,Italy,1,none
87,Marcus Petrov,marcus.petrov87@example.com,Standard,United States,1,shellfish-allergy
88,Isabella Petrov,isabella.petrov88@example.com,Standard,United States,1,none
89,Chloe O'Brien,chloe.obrien89@example.com,Standard,United States,0,gluten-free
90,Pierre Müller,pierre.müller90@example.com,Standard,Canada,0,none
91,Hans Larsson,hans.larsson91@example.com,VIP,Italy,0,gluten-free
92,Andre Knowles,andre.knowles92@example.com,Gold,France,0,none
93,Isabella Wright,isabella.wright93@example.com,Gold,United States,0,none
94,Elena O'Brien,elena.obrien94@example.com,Standard,Italy,0,none
95,Lucia Sands,lucia.sands95@example.com,Standard,Bahamas,0,none
96,Aaliyah Pinder,aaliyah.pinder96@example.com,Standard,Italy,1,none
97,Andre Martin,andre.martin97@example.com,Standard,Germany,1,none
98,Carlos García,carlos.garcía98@example.com,Standard,United States,1,none
99,Robert Johnson,robert.johnson99@example.com,Standard,France,1,none
100,Grace Knowles,grace.knowles100@example.com,Standard,United Kingdom,0,none
101,Grace Bethel,grace.bethel101@example.com,Standard,Bahamas,0,none
102,Trevor Martin,trevor.martin102@example.com,Standard,United Kingdom,1,none
103,Andre Bethel,andre.bethel103@example.com,Standard,Canada,0,pescatarian
104,Natasha O'Brien,natasha.obrien104@example.com,Standard,United Kingdom,1,none
105,James Bethel,james.bethel105@example.com,Standard,France,0,pescatarian
106,Kwame Moss,kwame.moss106@example.com,Standard,Germany,0,gluten-free
107,Pierre Davies,pierre.davies107@example.com,Standard,United States,0,none
108,Daniel Williams,daniel.williams108@example.com,VIP,Canada,1,none
109,Richard Martin,richard.martin109@example.com,Standard,United States,0,vegetarian
110,William Moore,william.moore110@example.com,Gold,United States,0,none
111,Amelia Dubois,amelia.dubois111@example.com,Standard,Brazil,0,none
112,James Dubois,james.dubois112@example.com,Gold,United States,0,none
113,Chloe Petrov,chloe.petrov113@example.com,Gold,United States,0,none
114,Amelia Williams,amelia.williams114@example.com,Standard,Italy,0,pescatarian
115,Emma García,emma.garcía115@example.com,Gold,United States,0,none
116,Simone Bethel,simone.bethel116@example.com,Standard,Switzerland,1,none
117,Kwame Nakamura,kwame.nakamura117@example.com,Standard,France,0,vegetarian
118,Ingrid Taylor,ingrid.taylor118@example.com,Gold,Bahamas,0,none
119,Grace Petrov,grace.petrov119@example.com,Standard,United Kingdom,0,none
120,Grace Moore,grace.moore120@example.com,Standard,Canada,0,none
121,Kwame Moss,kwame.moss121@example.com,Standard,Canada,1,none
122,Hans Rossi,hans.rossi122@example.com,Standard,United Kingdom,0,none
123,Kwame van der Berg,kwame.vanderberg123@example.com,Standard,United States,0,vegetarian
124,Michael Rossi,michael.rossi124@example.com,Standard,United States,0,none
125,Marie Bethel,marie.bethel125@example.com,Standard,United Kingdom,0,none
126,David Clarke,david.clarke126@example.com,Standard,United States,1,none
127,Trevor Rossi,trevor.rossi127@example.com,Standard,United Kingdom,0,none
128,Lucia Knowles,lucia.knowles128@example.com,Standard,Brazil,1,none
129,Carlos Pinder,carlos.pinder129@example.com,Standard,United States,1,none
130,Carlos Dubois,carlos.dubois130@example.com,Standard,Bahamas,1,none
131,Amelia Knowles,amelia.knowles131@example.com,Standard,Bahamas,1,pescatarian
132,William García,william.garcía132@example.com,Standard,United States,0,none
133,Lucia Butler,lucia.butler133@example.com,Standard,France,1,none
134,Chloe Rossi,chloe.rossi134@example.com,Standard,Brazil,0,none
135,Sophia Moore,sophia.moore135@example.com,Gold,United States,1,none
136,Carlos Butler,carlos.butler136@example.com,Gold,United States,0,none
137,Carlos Johnson,carlos.johnson137@example.com,Standard,Italy,0,vegetarian
138,Pierre García,pierre.garcía138@example.com,Standard,Canada,1,shellfish-allergy
139,William Wright,william.wright139@example.com,Standard,United States,0,none
140,Hans Petrov,hans.petrov140@example.com,VIP,United States,0,gluten-free
141,Michael Dubois,michael.dubois141@example.com,Gold,Brazil,0,none
142,Ingrid Dubois,ingrid.dubois142@example.com,Standard,Canada,0,none
143,Aaliyah Davies,aaliyah.davies143@example.com,Standard,United States,0,none
144,Lucia Smith,lucia.smith144@example.com,Standard,United States,0,none
145,Michael Williams,michael.williams145@example.com,Standard,Bahamas,1,none
146,Daniel Larsson,daniel.larsson146@example.com,Standard,United States,1,none
147,Charlotte Larsson,charlotte.larsson147@example.com,Standard,United States,0,gluten-free
148,Natasha Taylor,natasha.taylor148@example.com,Standard,Germany,0,none
149,Sophia Butler,sophia.butler149@example.com,Standard,United States,0,vegetarian
150,Michael Rolle,michael.rolle150@example.com,Gold,United States,0,vegetarian
151,Simone García,simone.garcía151@example.com,Standard,United Kingdom,0,none
152,William Sands,william.sands152@example.com,Standard,Canada,1,none
153,Grace van der Berg,grace.vanderberg153@example.com,Standard,United States,1,none
154,Marie Moore,marie.moore154@example.com,Standard,Bahamas,0,shellfish-allergy
155,Marie Moore,marie.moore155@example.com,Standard,United States,0,none
156,Marcus Nakamura,marcus.nakamura156@example.com,Standard,United States,1,none
157,Hans Moore,hans.moore157@example.com,Standard,United States,0,none
158,Richard Petrov,richard.petrov158@example.com,Gold,United States,1,none
159,Charlotte Petrov,charlotte.petrov159@example.com,Standard,Brazil,0,none
160,Richard Rossi,richard.rossi160@example.com,Standard,Brazil,0,none
161,James Petrov,james.petrov161@example.com,Standard,United Kingdom,0,none
162,Amelia O'Brien,amelia.obrien162@example.com,Standard,Germany,0,none
163,William Butler,william.butler163@example.com,Gold,United States,0,none
164,Sophia Thompson,sophia.thompson164@example.com,Standard,Bahamas,0,pescatarian
165,Charlotte Butler,charlotte.butler165@example.com,VIP,Canada,1,shellfish-allergy
166,Simone Smith,simone.smith166@example.com,Standard,United States,0,none
167,Simone Larsson,simone.larsson167@example.com,Standard,Switzerland,1,vegetarian
168,Chloe Dubois,chloe.dubois168@example.com,Standard,United States,1,gluten-free
169,Marcus van der Berg,marcus.vanderberg169@example.com,Standard,United States,1,pescatarian
170,Grace Anderson,grace.anderson170@example.com,Standard,United Kingdom,1,none
171,Lucia García,lucia.garcía171@example.com,Standard,Bahamas,0,none
172,Robert Moss,robert.moss172@example.com,Standard,United States,1,pescatarian
173,Thomas Moss,thomas.moss173@example.com,Standard,United States,0,none
174,Thomas Dubois,thomas.dubois174@example.com,Standard,Canada,1,pescatarian
175,Carlos Taylor,carlos.taylor175@example.com,Standard,Germany,0,none
176,Robert Pinder,robert.pinder176@example.com,Standard,United States,0,none
177,Aaliyah Smith,aaliyah.smith177@example.com,Standard,Canada,1,gluten-free
178,James van der Berg,james.vanderberg178@example.com,Gold,Germany,0,none
179,Natasha Rossi,natasha.rossi179@example.com,Standard,France,1,none
180,Richard Wright,richard.wright180@example.com,Standard,United Kingdom,1,none
181,Carlos Martin,carlos.martin181@example.com,Standard,Bahamas,1,none
182,Hans Petrov,hans.petrov182@example.com,Standard,United States,0,none
183,Sophia Martin,sophia.martin183@example.com,Standard,United States,0,none
184,Trevor Thompson,trevor.thompson184@example.com,VIP,United States,1,none
185,Robert Dubois,robert.dubois185@example.com,Standard,Bahamas,0,none
186,Emma Ferguson,emma.ferguson186@example.com,Standard,Canada,0,none
187,Simone Davies,simone.davies187@example.com,Gold,United Kingdom,0,none
188,Marie Thompson,marie.thompson188@example.com,Standard,United Kingdom,0,none
189,Emma Ferguson,emma.ferguson189@example.com,Standard,United States,0,none
190,Grace Larsson,grace.larsson190@example.com,Standard,United States,1,none
191,Chloe Smith,chloe.smith191@example.com,Standard,Bahamas,1,none
192,Carlos García,carlos.garcía192@example.com,VIP,Germany,1,none
193,Aaliyah Petrov,aaliyah.petrov193@example.com,Standard,United States,0,pescatarian
194,Kwame García,kwame.garcía194@example.com,Standard,United States,0,none
195,Hans Müller,hans.müller195@example.com,Standard,France,0,pescatarian
196,Marie Moore,marie.moore196@example.com,Gold,United States,0,none
197,Charlotte Taylor,charlotte.taylor197@example.com,Standard,Bahamas,1,none
198,Simone García,simone.garcía198@example.com,Standard,Canada,1,none
199,Elena Clarke,elena.clarke199@example.com,Standard,United States,0,none
200,Kwame Pinder,kwame.pinder200@example.com,Standard,United States,0,none
201,Sophia Moss,sophia.moss201@example.com,Standard,United States,0,none
202,Marie van der Berg,marie.vanderberg202@example.com,Standard,Canada,0,vegetarian
203,Amelia Ferguson,amelia.ferguson203@example.com,Standard,United States,1,none
204,Amelia Petrov,amelia.petrov204@example.com,Standard,United States,0,vegetarian
205,Amelia Smith,amelia.smith205@example.com,Standard,United Kingdom,1,gluten-free
206,Elena Anderson,elena.anderson206@example.com,Standard,United States,0,none
207,Daniel Larsson,daniel.larsson207@example.com,Standard,Canada,1,none
208,Olivia García,olivia.garcía208@example.com,Standard,United States,1,gluten-free
209,Robert Bethel,robert.bethel209@example.com,Standard,France,0,none
210,Elena Knowles,elena.knowles210@example.com,Standard,Switzerland,1,none
211,Sophia Moore,sophia.moore211@example.com,Standard,Canada,0,none
212,Carlos Clarke,carlos.clarke212@example.com,Gold,Canada,0,vegetarian
213,Sophia Petrov,sophia.petrov213@example.com,Standard,Germany,1,none
214,David Smith,david.smith214@example.com,Standard,United Kingdom,1,none
215,Hans O'Brien,hans.obrien215@example.com,Standard,United States,0,none
216,Robert Taylor,robert.taylor216@example.com,Standard,United States,0,none
217,Pierre Müller,pierre.müller217@example.com,Standard,United States,1,none
218,Trevor O'Brien,trevor.obrien218@example.com,VIP,United States,0,none
219,Natasha Williams,natasha.williams219@example.com,Gold,United States,1,none
220,Natasha Dubois,natasha.dubois220@example.com,Standard,United States,1,none
221,Lucia Knowles,lucia.knowles221@example.com,Standard,Italy,1,none
222,Amelia Sands,amelia.sands222@example.com,Standard,United Kingdom,0,gluten-free
223,Olivia van der Berg,olivia.vanderberg223@example.com,Standard,Germany,0,none
224,James Rolle,james.rolle224@example.com,Standard,Canada,0,none
225,Carlos Moss,carlos.moss225@example.com,Gold,United States,1,none
226,Robert Rossi,robert.rossi226@example.com,Standard,Bahamas,0,none
227,Ingrid Sands,ingrid.sands227@example.com,Standard,United Kingdom,0,none
228,Carlos Smith,carlos.smith228@example.com,Standard,Germany,0,none
229,Aaliyah Müller,aaliyah.müller229@example.com,Standard,United States,0,vegetarian
230,Thomas Knowles,thomas.knowles230@example.com,Standard,United States,0,none
231,Amelia Johnson,amelia.johnson231@example.com,Standard,United Kingdom,1,vegetarian
232,Michael Knowles,michael.knowles232@example.com,Gold,Italy,1,none
233,Olivia Davies,olivia.davies233@example.com,Standard,Bahamas,1,none
234,Amelia Wright,amelia.wright234@example.com,Standard,Italy,0,gluten-free
235,Olivia García,olivia.garcía235@example.com,Standard,Canada,1,none
236,Robert Petrov,robert.petrov236@example.com,Standard,United States,1,none
237,Sophia Martin,sophia.martin237@example.com,Standard,United States,0,vegetarian
238,Andre Moore,andre.moore238@example.com,Standard,France,0,none
239,Simone Petrov,simone.petrov239@example.com,Standard,United States,1,none
240,Andre García,andre.garcía240@example.com,Standard,United States,1,vegetarian
241,Pierre Petrov,pierre.petrov241@example.com,Standard,United States,0,shellfish-allergy
242,Michael van der Berg,michael.vanderberg242@example.com,Standard,Canada,0,none
243,Amelia García,amelia.garcía243@example.com,Standard,Brazil,0,none
244,Trevor Rolle,trevor.rolle244@example.com,Gold,Italy,0,none
245,William Moss,william.moss245@example.com,Standard,United Kingdom,0,none
246,David Martin,david.martin246@example.com,Standard,United States,0,none
247,Marie Davies,marie.davies247@example.com,Standard,France,1,none
248,Ingrid Rolle,ingrid.rolle248@example.com,VIP,United States,0,pescatarian
249,Andre Rossi,andre.rossi249@example.com,Standard,United States,1,pescatarian
250,Emma Johnson,emma.johnson250@example.com,Standard,Switzerland,1,none
251,Marie Taylor,marie.taylor251@example.com,Standard,Canada,0,none
252,James Moss,james.moss252@example.com,Standard,United States,0,none
253,Carlos Nakamura,carlos.nakamura253@example.com,Standard,United States,0,shellfish-allergy
254,Emma Taylor,emma.taylor254@example.com,Standard,United Kingdom,0,gluten-free
255,Michael Knowles,michael.knowles255@example.com,Standard,United States,0,none
256,Michael Bethel,michael.bethel256@example.com,Standard,Italy,1,none
257,Emma Ferguson,emma.ferguson257@example.com,Standard,United States,0,none
258,Andre Clarke,andre.clarke258@example.com,Standard,Germany,0,none
259,Robert Rossi,robert.rossi259@example.com,Gold,Bahamas,1,pescatarian
260,Michael Williams,michael.williams260@example.com,Standard,Germany,0,pescatarian
261,Andre Davies,andre.davies261@example.com,Standard,Bahamas,0,shellfish-allergy
262,Richard Wright,richard.wright262@example.com,Standard,United States,1,none
263,Daniel Nakamura,daniel.nakamura263@example.com,Standard,United States,0,none
264,Michael García,michael.garcía264@example.com,Standard,United States,1,vegetarian
265,Michael Nakamura,michael.nakamura265@example.com,Standard,United States,0,none
266,Daniel Davies,daniel.davies266@example.com,Standard,Italy,0,none
267,Natasha Davies,natasha.davies267@example.com,Standard,United States,0,none
268,Olivia Moss,olivia.moss268@example.com,Gold,United States,0,none
269,Hans Williams,hans.williams269@example.com,VIP,Switzerland,0,none
270,Marcus O'Brien,marcus.obrien270@example.com,Gold,Canada,0,none
271,Andre Anderson,andre.anderson271@example.com,Standard,United States,0,none
272,Michael Anderson,michael.anderson272@example.com,Gold,France,1,none
273,Aaliyah Petrov,aaliyah.petrov273@example.com,Standard,Bahamas,0,none
274,Pierre Petrov,pierre.petrov274@example.com,Gold,United States,1,none
275,Marie Bethel,marie.bethel275@example.com,Gold,Switzerland,0,none
276,Thomas Nakamura,thomas.nakamura276@example.com,Standard,United States,0,vegetarian
277,Lucia Petrov,lucia.petrov277@example.com,Standard,United States,0,none
278,Amelia Thompson,amelia.thompson278@example.com,Standard,United States,0,none
279,Andre Pinder,andre.pinder279@example.com,Gold,United States,1,none
280,Natasha Smith,natasha.smith280@example.com,Standard,Bahamas,0,gluten-free
281,Olivia Petrov,olivia.petrov281@example.com,Standard,Brazil,0,none
282,Robert Williams,robert.williams282@example.com,Gold,France,0,vegetarian
283,Emma van der Berg,emma.vanderberg283@example.com,Standard,Canada,1,pescatarian
284,Daniel O'Brien,daniel.obrien284@example.com,Standard,Italy,0,none
285,Isabella García,isabella.garcía285@example.com,Standard,United Kingdom,0,none
286,Marie Davies,marie.davies286@example.com,Standard,United Kingdom,0,pescatarian
287,Marcus Sands,marcus.sands287@example.com,Standard,United States,0,vegetarian
288,Robert Wright,robert.wright288@example.com,Standard,Germany,0,none
289,Simone Smith,simone.smith289@example.com,Standard,United Kingdom,0,none
290,Andre Williams,andre.williams290@example.com,Standard,United Kingdom,1,none
291,Simone Dubois,simone.dubois291@example.com,Standard,United States,0,none
292,Thomas Sands,thomas.sands292@example.com,Standard,Canada,0,none
293,James Anderson,james.anderson293@example.com,Standard,Switzerland,0,pescatarian
294,Robert Rolle,robert.rolle294@example.com,Standard,United Kingdom,0,none
295,Carlos Pinder,carlos.pinder295@example.com,Standard,United States,0,none
296,David Moore,david.moore296@example.com,Gold,Switzerland,0,none
297,Andre García,andre.garcía297@example.com,Standard,United States,1,none
298,Natasha O'Brien,natasha.obrien298@example.com,Standard,United States,0,none
299,Elena Thompson,elena.thompson299@example.com,Standard,Bahamas,1,none
300,Grace Thompson,grace.thompson300@example.com,Standard,United States,0,none
301,Marie Ferguson,marie.ferguson301@example.com,Standard,Canada,1,none
302,Marcus Taylor,marcus.taylor302@example.com,Standard,Bahamas,1,vegetarian
303,Olivia Nakamura,olivia.nakamura303@example.com,Standard,Canada,1,none
304,Natasha Ferguson,natasha.ferguson304@example.com,Standard,Switzerland,0,none
305,Pierre van der Berg,pierre.vanderberg305@example.com,Standard,United States,1,none
306,Kwame Nakamura,kwame.nakamura306@example.com,Gold,Brazil,0,shellfish-allergy
307,Chloe Nakamura,chloe.nakamura307@example.com,Gold,United States,1,pescatarian
308,Daniel Rolle,daniel.rolle308@example.com,Standard,United States,0,gluten-free
309,Richard García,richard.garcía309@example.com,Standard,Bahamas,0,none
310,Hans Müller,hans.müller310@example.com,Standard,Brazil,1,none
311,William Smith,william.smith311@example.com,Standard,Canada,0,pescatarian
312,Trevor Bethel,trevor.bethel312@example.com,Standard,United States,0,none
313,Simone Taylor,simone.taylor313@example.com,Standard,United States,0,none
314,Ingrid Moore,ingrid.moore314@example.com,Gold,United States,1,none
315,Marie García,marie.garcía315@example.com,Standard,Bahamas,0,none
316,Daniel Clarke,daniel.clarke316@example.com,Standard,Switzerland,0,none
317,Grace Rossi,grace.rossi317@example.com,Standard,United States,1,none
318,Amelia Sands,amelia.sands318@example.com,Standard,France,1,none
319,Aaliyah O'Brien,aaliyah.obrien319@example.com,Standard,Canada,1,none
320,Andre Nakamura,andre.nakamura320@example.com,Standard,Canada,0,none
321,Robert Petrov,robert.petrov321@example.com,Standard,Canada,1,pescatarian
322,Pierre Johnson,pierre.johnson322@example.com,Standard,Canada,1,none
323,Sophia Thompson,sophia.thompson323@example.com,Standard,United Kingdom,0,gluten-free
324,Sophia Rossi,sophia.rossi324@example.com,Standard,Switzerland,0,shellfish-allergy
325,Charlotte Larsson,charlotte.larsson325@example.com,Standard,United Kingdom,1,none
326,Michael Moss,michael.moss326@example.com,Gold,Switzerland,0,none
327,Marie Wright,marie.wright327@example.com,Standard,France,1,none
328,Elena García,elena.garcía328@example.com,Standard,United States,0,gluten-free
329,Hans Williams,hans.williams329@example.com,Standard,United Kingdom,1,shellfish-allergy
330,Natasha Johnson,natasha.johnson330@example.com,Standard,United Kingdom,1,none
331,Amelia Moss,amelia.moss331@example.com,Standard,Bahamas,1,gluten-free
332,Michael García,michael.garcía332@example.com,Standard,Switzerland,0,none
333,Andre Knowles,andre.knowles333@example.com,Standard,United States,1,none
334,Michael Moss,michael.moss334@example.com,Standard,United Kingdom,1,vegetarian
335,Andre Butler,andre.butler335@example.com,Standard,United States,0,none
336,Marcus Wright,marcus.wright336@example.com,VIP,United States,0,none
337,Emma Anderson,emma.anderson337@example.com,Standard,United States,1,gluten-free
338,Trevor García,trevor.garcía338@example.com,Standard,United States,1,shellfish-allergy
339,William Johnson,william.johnson339@example.com,Standard,Bahamas,0,none
340,Emma Davies,emma.davies340@example.com,Standard,United States,1,none
341,Trevor O'Brien,trevor.obrien341@example.com,Standard,Bahamas,1,vegetarian
342,Michael Rolle,michael.rolle342@example.com,Standard,Brazil,0,none
343,Andre Davies,andre.davies343@example.com,Standard,Germany,1,gluten-free
344,Elena García,elena.garcía344@example.com,Standard,United States,0,vegetarian
345,Marie Bethel,marie.bethel345@example.com,Standard,United States,0,none
346,Grace Pinder,grace.pinder346@example.com,Standard,United States,0,none
347,Carlos Anderson,carlos.anderson347@example.com,Standard,United States,0,none
348,Amelia Sands,amelia.sands348@example.com,Standard,United States,1,none
349,Daniel Dubois,daniel.dubois349@example.com,Gold,United States,1,none
350,Ingrid Knowles,ingrid.knowles350@example.com,Standard,United States,0,gluten-free
351,Lucia Anderson,lucia.anderson351@example.com,Gold,United States,0,none
352,Chloe García,chloe.garcía352@example.com,Standard,United States,0,none
353,Isabella Müller,isabella.müller353@example.com,Standard,United States,1,none
354,Trevor Moore,trevor.moore354@example.com,Standard,United Kingdom,1,none
355,Sophia Knowles,sophia.knowles355@example.com,Gold,United States,0,pescatarian
356,Amelia Rolle,amelia.rolle356@example.com,Standard,Bahamas,0,none
357,Charlotte Ferguson,charlotte.ferguson357@example.com,Standard,United Kingdom,0,none
358,Ingrid Petrov,ingrid.petrov358@example.com,Standard,United States,0,none
359,Natasha Anderson,natasha.anderson359@example.com,Standard,Canada,0,none
360,Marcus Bethel,marcus.bethel360@example.com,Standard,United States,1,pescatarian
361,Natasha Pinder,natasha.pinder361@example.com,Standard,United States,0,none
362,Richard O'Brien,richard.obrien362@example.com,Standard,Canada,0,pescatarian
363,Charlotte Davies,charlotte.davies363@example.com,Standard,United Kingdom,0,pescatarian
364,Charlotte Pinder,charlotte.pinder364@example.com,Standard,Canada,1,none
365,Grace Davies,grace.davies365@example.com,Standard,Switzerland,0,none
366,Ingrid Pinder,ingrid.pinder366@example.com,Standard,Germany,0,pescatarian
367,Pierre Dubois,pierre.dubois367@example.com,Standard,Bahamas,0,none
368,Lucia O'Brien,lucia.obrien368@example.com,Standard,Canada,1,none
369,Olivia Davies,olivia.davies369@example.com,Standard,United States,1,none
370,Grace Johnson,grace.johnson370@example.com,Standard,United States,0,pescatarian
371,Simone Pinder,simone.pinder371@example.com,Standard,Italy,0,pescatarian
372,Marcus Müller,marcus.müller372@example.com,Standard,Germany,0,none
373,Emma Moss,emma.moss373@example.com,Standard,United States,0,none
374,Aaliyah van der Berg,aaliyah.vanderberg374@example.com,Standard,France,1,none
375,Isabella Rossi,isabella.rossi375@example.com,Standard,United States,0,shellfish-allergy
376,Andre García,andre.garcía376@example.com,Standard,France,0,none
377,Amelia Butler,amelia.butler377@example.com,Standard,Switzerland,1,none
378,Marie Butler,marie.butler378@example.com,Standard,Canada,0,shellfish-allergy
379,Natasha Johnson,natasha.johnson379@example.com,Standard,United States,0,none
380,Simone Moss,simone.moss380@example.com,Standard,Italy,0,none
381,Elena Rossi,elena.rossi381@example.com,Standard,France,1,none
382,Lucia Davies,lucia.davies382@example.com,Standard,United States,0,none
383,Hans Dubois,hans.dubois383@example.com,VIP,Canada,1,none
384,Marie Martin,marie.martin384@example.com,Gold,Bahamas,0,none
385,Hans Pinder,hans.pinder385@example.com,Standard,United States,0,none
386,Charlotte Nakamura,charlotte.nakamura386@example.com,VIP,Brazil,1,none
387,Elena van der Berg,elena.vanderberg387@example.com,Standard,United States,0,none
388,Trevor Moore,trevor.moore388@example.com,Gold,United States,0,none
389,Chloe Williams,chloe.williams389@example.com,Standard,United States,0,none
390,Pierre O'Brien,pierre.obrien390@example.com,Gold,United States,1,shellfish-allergy
391,Elena Sands,elena.sands391@example.com,Standard,United States,0,none
392,David Taylor,david.taylor392@example.com,Gold,United States,0,none
393,Carlos Williams,carlos.williams393@example.com,VIP,United States,0,none
394,Andre Müller,andre.müller394@example.com,Gold,Germany,0,vegetarian
395,Marcus Anderson,marcus.anderson395@example.com,Gold,France,1,shellfish-allergy
396,Chloe Anderson,chloe.anderson396@example.com,Standard,United States,1,none
397,Andre Rossi,andre.rossi397@example.com,Standard,United States,0,none
398,William Nakamura,william.nakamura398@example.com,Standard,United States,1,none
399,Charlotte Williams,charlotte.williams399@example.com,Standard,United Kingdom,0,gluten-free
400,Andre García,andre.garcía400@example.com,Standard,Germany,0,none
401,Ingrid Dubois,ingrid.dubois401@example.com,Gold,United States,0,none
402,Ingrid Clarke,ingrid.clarke402@example.com,Standard,Bahamas,0,pescatarian
403,Natasha Petrov,natasha.petrov403@example.com,Standard,Brazil,1,pescatarian
404,Aaliyah Taylor,aaliyah.taylor404@example.com,Gold,United Kingdom,0,none
405,Simone Davies,simone.davies405@example.com,Gold,Bahamas,0,none
406,Elena Johnson,elena.johnson406@example.com,Gold,United Kingdom,0,none
407,Carlos Davies,carlos.davies407@example.com,Standard,United Kingdom,0,none
408,Robert Sands,robert.sands408@example.com,Standard,Bahamas,1,none
409,Natasha García,natasha.garcía409@example.com,Standard,Canada,1,none
410,David Davies,david.davies410@example.com,Gold,Canada,1,none
411,Olivia Ferguson,olivia.ferguson411@example.com,Standard,United Kingdom,1,none
412,Andre Johnson,andre.johnson412@example.com,Standard,Switzerland,0,none
413,Trevor Bethel,trevor.bethel413@example.com,Standard,Canada,1,none
414,Marie Wright,marie.wright414@example.com,Standard,Germany,0,none
415,Elena Bethel,elena.bethel415@example.com,Standard,Switzerland,0,vegetarian
416,Andre Thompson,andre.thompson416@example.com,Standard,United Kingdom,0,none
417,Elena Bethel,elena.bethel417@example.com,Standard,United States,0,none
418,David van der Berg,david.vanderberg418@example.com,Standard,United States,0,none
419,Andre Thompson,andre.thompson419@example.com,Standard,United States,1,none
420,Ingrid Petrov,ingrid.petrov420@example.com,Standard,United States,1,none
421,Daniel Dubois,daniel.dubois421@example.com,Standard,Italy,0,none
422,Marcus García,marcus.garcía422@example.com,Standard,Switzerland,0,none
423,Andre Petrov,andre.petrov423@example.com,Standard,United States,1,none
424,Marie Sands,marie.sands424@example.com,Standard,United States,1,none
425,Pierre van der Berg,pierre.vanderberg425@example.com,Standard,Germany,0,none
426,Olivia Clarke,olivia.clarke426@example.com,Standard,France,1,none
427,Carlos Knowles,carlos.knowles427@example.com,Standard,United States,1,pescatarian
428,Chloe Dubois,chloe.dubois428@example.com,Standard,United States,0,none
429,Daniel Rolle,daniel.rolle429@example.com,Standard,Canada,0,none
430,Isabella Rossi,isabella.rossi430@example.com,Gold,Germany,1,none
431,Amelia Ferguson,amelia.ferguson431@example.com,Standard,United States,1,none
432,Ingrid O'Brien,ingrid.obrien432@example.com,VIP,United States,1,pescatarian
433,Lucia Petrov,lucia.petrov433@example.com,Standard,United Kingdom,1,gluten-free
434,Charlotte Thompson,charlotte.thompson434@example.com,Gold,United States,0,none
435,Andre Pinder,andre.pinder435@example.com,Standard,France,0,none
436,Simone Dubois,simone.dubois436@example.com,Standard,Brazil,1,none
437,Hans Clarke,hans.clarke437@example.com,Standard,Canada,0,none
438,Sophia Taylor,sophia.taylor438@example.com,Standard,United Kingdom,0,none
439,David Clarke,david.clarke439@example.com,Standard,United States,0,none
440,Robert Thompson,robert.thompson440@example.com,Standard,Bahamas,0,none
441,Robert Müller,robert.müller441@example.com,Standard,Canada,0,none
442,Elena Nakamura,elena.nakamura442@example.com,Standard,United States,1,vegetarian
443,Lucia Nakamura,lucia.nakamura443@example.com,Standard,United Kingdom,1,pescatarian
444,Emma Johnson,emma.johnson444@example.com,Standard,United Kingdom,1,gluten-free
445,Hans Rolle,hans.rolle445@example.com,Standard,United States,0,none
446,Andre Thompson,andre.thompson446@example.com,Standard,Germany,1,pescatarian
447,James Müller,james.müller447@example.com,Standard,Canada,1,none
448,Simone O'Brien,simone.obrien448@example.com,Standard,Germany,0,none
449,Elena Knowles,elena.knowles449@example.com,VIP,United Kingdom,0,none
450,Charlotte Thompson,charlotte.thompson450@example.com,Standard,France,0,vegetarian
451,Simone Williams,simone.williams451@example.com,Gold,United States,0,none
452,Ingrid Sands,ingrid.sands452@example.com,Standard,Canada,1,none
453,Amelia Bethel,amelia.bethel453@example.com,Standard,United States,0,none
454,Marie Moore,marie.moore454@example.com,Standard,Germany,0,none
455,Olivia Ferguson,olivia.ferguson455@example.com,Standard,Canada,0,none
456,James Larsson,james.larsson456@example.com,Gold,United Kingdom,0,none
457,Richard Davies,richard.davies457@example.com,Standard,United States,0,gluten-free
458,Isabella Müller,isabella.müller458@example.com,Standard,France,0,none
459,Olivia Ferguson,olivia.ferguson459@example.com,Standard,United States,0,none
460,Olivia Williams,olivia.williams460@example.com,Standard,United States,1,none
461,Robert Martin,robert.martin461@example.com,Standard,Canada,0,none
462,Pierre Dubois,pierre.dubois462@example.com,Standard,Canada,0,none
463,Thomas Martin,thomas.martin463@example.com,Standard,France,0,none
464,Amelia Rolle,amelia.rolle464@example.com,Gold,United States,0,none
465,Andre O'Brien,andre.obrien465@example.com,Standard,Canada,0,none
466,Hans Rossi,hans.rossi466@example.com,Standard,United Kingdom,0,none
467,Thomas Knowles,thomas.knowles467@example.com,Gold,Bahamas,0,none
468,Ingrid García,ingrid.garcía468@example.com,Standard,Switzerland,1,none
469,Thomas Larsson,thomas.larsson469@example.com,Standard,United States,0,none
470,Sophia Ferguson,sophia.ferguson470@example.com,VIP,United States,0,pescatarian
471,Sophia Johnson,sophia.johnson471@example.com,Gold,Canada,0,none
472,Grace Smith,grace.smith472@example.com,VIP,Canada,0,none
473,Natasha Anderson,natasha.anderson473@example.com,Standard,United States,1,none
474,Michael van der Berg,michael.vanderberg474@example.com,Standard,United States,0,none
475,Thomas Williams,thomas.williams475@example.com,Gold,United States,1,none
476,Emma Knowles,emma.knowles476@example.com,Standard,United States,0,none
477,William Dubois,william.dubois477@example.com,Standard,United Kingdom,0,none
478,Sophia Johnson,sophia.johnson478@example.com,Standard,Canada,1,none
479,Natasha Wright,natasha.wright479@example.com,Standard,United States,0,vegetarian
480,Hans O'Brien,hans.obrien480@example.com,Gold,United States,0,none
481,Chloe Anderson,chloe.anderson481@example.com,Gold,Canada,0,none
482,Carlos Nakamura,carlos.nakamura482@example.com,Standard,Bahamas,0,none
483,William Moore,william.moore483@example.com,Standard,Canada,1,none
484,Pierre Butler,pierre.butler484@example.com,Gold,Brazil,0,shellfish-allergy
485,Daniel Larsson,daniel.larsson485@example.com,Gold,United States,0,none
486,Aaliyah Taylor,aaliyah.taylor486@example.com,Standard,France,0,none
487,Isabella Rossi,isabella.rossi487@example.com,Standard,Switzerland,0,none
488,Daniel O'Brien,daniel.obrien488@example.com,Standard,Canada,0,gluten-free
489,Aaliyah Larsson,aaliyah.larsson489@example.com,Standard,United States,0,none
490,Trevor Taylor,trevor.taylor490@example.com,Standard,Germany,0,none
491,Isabella Petrov,isabella.petrov491@example.com,Standard,United States,0,none
492,Hans Petrov,hans.petrov492@example.com,Standard,Italy,1,pescatarian
493,Sophia Thompson,sophia.thompson493@example.com,Gold,United States,0,none
494,Pierre Larsson,pierre.larsson494@example.com,Standard,United Kingdom,1,none
495,Marie Davies,marie.davies495@example.com,Standard,United States,1,none
496,Sophia García,sophia.garcía496@example.com,Standard,United States,1,gluten-free
497,Robert Clarke,robert.clarke497@example.com,Standard,United Kingdom,0,none
498,Amelia Pinder,amelia.pinder498@example.com,Gold,Switzerland,0,none
499,Charlotte Rolle,charlotte.rolle499@example.com,Standard,United States,1,none
500,Sophia Petrov,sophia.petrov500@example.com,Standard,Italy,1,none
